{"BPME.2800.T4": [-0.00048151600235556656, -0.00022552015989957253], "BPMA.2525.T4": [0.00032069559607898133, -0.0002576476541091558], "BPMA.2570.T4": [-0.0004251654786910384, -0.0001410635939415913], "BPMA.2547.T4": [0.0004100892921911722, -0.00046785639836333337], "BPMA.2506.T4": [-0.00026389344422645533, 0.000281600137646929], "BPMA.2641.T4": [0.0003688620859011681, 0.0003346200848708395], "BPMA.2785.T4": [0.00019184941974530222, -0.0004760046163317012], "BPMA.2773.T4": [-0.00032995569044718596, 0.00030857574402811083], "BPMA.2706.T4": [-0.00042976317499425633, -6.516432374978486e-05], "BPMA.2761.T4": [-0.00041866051754885556, -0.00017387113813154052], "BPMA.2591.T4": [-0.0004559220005725981, 0.0003468297778361411], "BPMA.2618.T4": [0.00015808244636415702, 0.00020160348399971418], "BPME.2794.T4": [5.120765086346102e-05, -0.0004803187263272578], "BPMA.2567.T4": [-6.686778323694586e-05, 0.00013866968123878577], "BPMA.2621.T4": [0.0001854248849889124, -0.00010034945378231042], "BPMA.2481.T4": [0.00012317010716288824, 0.00019693337830576496], "BPMA.2601.T4": [0.0003346304409823022, -0.0004194040562941481], "BPMA.2663.T4": [7.527722518189295e-05, 5.255651915101423e-05], "BPMA.2493.T4": [0.00028845440557313416, -0.0004063161191612067], "BPMA.2684.T4": [0.0003676283019175316, -3.115621397021451e-05], "BPMA.2468.T4": [-0.0003470900771185772, 0.00013737674467785853], "BPMA.2581.T4": [-0.0002286995608820126, -0.00023581874418715664], "BPMA.2596.T4": [7.570436664802404e-05, -0.000281573377432903], "BPMA.2728.T4": [0.0004578422781990684, 0.0004204249124102759], "BPMA.2606.T4": [-0.00022306564195417465, 0.0002260208770289055], "BPMA.2749.T4": [-0.000288814532364815, 0.00031402765461999973]}